Posisi,Perusahaan,Keterampilan,Template Surat,flag,username,timestamp
HRD,Joklo,tidur,,,,2024-03-06 03:53:09.878529
Cara tidur tenang,"1. Pastikan kamar tidur Anda bersih, rapi, dan nyaman. Matikan lampu dan pastikan suhu ruangan tidak terlalu panas atau terlalu dingin.

2. Lakukan aktivitas relaksasi sebelum tidur, seperti meditasi, mendengarkan musik yang menenangkan, atau membaca buku.

3. Hindari konsumsi minuman berkafein atau makanan berat sebelum tidur.

4. Tetapkan jadwal tidur yang teratur dan usahakan untuk tidur dan bangun pada waktu yang sama setiap hari.

5. Matikan ponsel atau alat elektronik lainnya setidaknya satu jam sebelum tidur, karena cahaya biru dari layar dapat mengganggu ritme tidur Anda.

6. Gunakan bantal dan selimut yang nyaman untuk mendukung posisi tidur yang baik.

7. Jika Anda masih sulit tidur, cobalah teknik relaksasi seperti pernapasan dalam atau memvisualisasikan tempat yang tenang.

8. Jika Anda tetap kesulitan tidur dalam waktu yang lama, konsultasikan dengan dokter untuk mendapatkan saran atau bantuan medis yang sesuai.",,,2024-03-06 05:22:30.218536
How many mountain in indonesia?,"Indonesia has over 130 active volcanoes, many of which are categorized as mountains. Some of the most famous mountains in Indonesia include Mount Bromo, Mount Merapi, Mount Rinjani, and Mount Semeru.",,,2024-03-06 06:30:45.962416
Data Analyst,PT Infinite,"Python, Java","'Dear HRD Manager PT Infinite,

I am writing to apply for the Data Analyst position at PT Infinite. I have experience in Python and Java. Thank you for considering my application.

Sincerely,
[Your Name]",,,2024-03-06 06:38:22.484998
I can't connect my internet. It says 'No Internet',"I'm sorry to hear that you're experiencing issues with your internet connection. Have you tried restarting your router? Sometimes that can help resolve connection issues. If that doesn't work, please contact your internet service provider for further assistance. Thank you for reaching out to us.",,,2024-03-06 06:44:52.147133
kesimpulan,"'
Kesimpulan dari teks tersebut adalah bahwa kemerdekaan Indonesia didasarkan pada prinsip-prinsip Ketuhanan Yang Maha Esa, kemanusiaan yang adil dan beradab, persatuan Indonesia, dan kerakyatan yang dipimpin oleh hikmat kebijaksanaan dalam permusyawaratan/perwakilan. Selain itu, kemerdekaan juga bertujuan untuk mencapai keadilan sosial bagi seluruh rakyat Indonesia.",,,2024-03-06 06:52:01.950398
